--Em falta:
-- Nacionalidade
-- Recorde

INSERT INTO TipoDeRecord(ID, Nome) VALUES (0, "Olympic")
INSERT INTO TipoDeRecord(ID, Nome) VALUES (1, "World")
INSERT INTO TipoDeRecord(ID, Nome) VALUES (2, "Olympic/World")

INSERT INTO TipoDeJogos(ID, Tipo) VALUES (0, "Inverno")
INSERT INTO TipoDeJogos(ID, Tipo) VALUES (1, "Verao")

INSERT INTO TipoDeEvento(ID, Nome) VALUES (0, "Semi-final")
INSERT INTO TipoDeEvento(ID, Nome) VALUES (1, "Final")

INSERT INTO EdicaoDosJogos(Ano, Cidade, IdTipoDeJogos, IdPais) VALUES (2016, "Rio de Janeiro", 1, 'BRA')
INSERT INTO EdicaoDosJogos(Ano, Cidade, IdTipoDeJogos, IdPais) VALUES (2018, "Pyeongchang", 0, 'KOR')

INSERT INTO Desporto(ID, Nome) Values (0, "Atheletics")
INSERT INTO Desporto(ID, Nome) Values (1, "Aquatics")

INSERT INTO Modalidade(ID, Nome, IdDesporto, Sexo) VALUES (0, "100-meters", 0, 'M')
INSERT INTO Modalidade(ID, Nome, IdDesporto, Sexo) VALUES (1, "200-meters", 0, 'M')
INSERT INTO Modalidade(ID, Nome, IdDesporto, Sexo) VALUES (4, "100-meters Freestyle", 1, 'M')
INSERT INTO Modalidade(ID, Nome, IdDesporto, Sexo) VALUES (2, "100-meters", 0, 'F')
INSERT INTO Modalidade(ID, Nome, IdDesporto, Sexo) VALUES (3, "200-meters", 0, 'F')
INSERT INTO Modalidade(ID, Nome, IdDesporto, Sexo) VALUES (5, "100-meters Freestyle", 1, 'F')

INSERT INTO Evento(Id, Data, IdTipoDeEvento, IdModalidade) VALUES (0, "8/15/2016" , 1, 0)
INSERT INTO Evento(Id, Data, IdTipoDeEvento, IdModalidade) VALUES (1, "8/19/2016", 1, 1)
INSERT INTO Evento(Id, Data, IdTipoDeEvento, IdModalidade) VALUES (2, "8/11/2016", 1, 2)
INSERT INTO Evento(Id, Data, IdTipoDeEvento, IdModalidade) VALUES (3, "8/14/2016", 1, 3)
INSERT INTO Evento(Id, Data, IdTipoDeEvento, IdModalidade) VALUES (4, "8/18/2016", 1, 4)
INSERT INTO Evento(Id, Data, IdTipoDeEvento, IdModalidade) VALUES (5, "8/12/2016", 1, 5)

INSERT INTO Recorde(ID, Valor, Data, IdAtleta, IdTipoDeRecorde, IdModalidade) Values (0, 9.63, "8/5/2012",579416064, 0, 0)
INSERT INTO Recorde(ID, Valor, Data, IdAtleta, IdTipoDeRecorde, IdModalidade) Values (1, 19.30, "8/20/2012",579416064, 0, 1)
INSERT INTO Recorde(ID, Valor, Data, IdAtleta, IdTipoDeRecorde, IdModalidade) Values (2, 47.05, "8/13/2008", 1, 0, 4)
INSERT INTO Recorde(ID, Valor, Data, IdAtleta, IdTipoDeRecorde, IdModalidade) Values (3, 10.62, "9/24/1998", 2, 0, 2)
INSERT INTO Recorde(ID, Valor, Data, IdAtleta, IdTipoDeRecorde, IdModalidade) Values (4, 21.34, "9/29/1998", 2, 2, 3)
INSERT INTO Recorde(ID, Valor, Data, IdAtleta, IdTipoDeRecorde, IdModalidade) Values (5, 52.70, "8/11/2016",973414226, 0, 5)

INSERT INTO Recorde(ID, Valor, Data, IdAtleta, IdTipoDeRecorde, IdModalidade) Values (6, 9.58, "8/19/2009",579416064, 1, 0)
INSERT INTO Recorde(ID, Valor, Data, IdAtleta, IdTipoDeRecorde, IdModalidade) Values (7, 19.19, "8/20/2009",579416064, 1, 1)
INSERT INTO Recorde(ID, Valor, Data, IdAtleta, IdTipoDeRecorde, IdModalidade) Values (8, 10.49, "7/16/1988", 2, 1, 2)
INSERT INTO Recorde(ID, Valor, Data, IdAtleta, IdTipoDeRecorde, IdModalidade) Values (9, 46.61, "7/30/2009", 3, 1, 4)
INSERT INTO Recorde(ID, Valor, Data, IdAtleta, IdTipoDeRecorde, IdModalidade) Values (10, 51.71, "7/23/2017", 4, 1, 5)

INSERT INTO Atleta(ID, Nome, DataDeNascimento, Sexo, Peso, Altura) VALUES (162792594, "Abbey Weitzeil", "12/3/96", "f" ,68, 1.78)
INSERT INTO Atleta(ID, Nome, DataDeNascimento, Sexo, Peso, Altura) VALUES (487206822, "Adam Gemili", "10/6/93", "m" ,75, 1.78)
INSERT INTO Atleta(ID, Nome, DataDeNascimento, Sexo, Peso, Altura) VALUES (265984930, "Akani Simbine", "9/21/93", "m" ,74, 1.76)
INSERT INTO Atleta(ID, Nome, DataDeNascimento, Sexo, Peso, Altura) VALUES (506696121, "Alonso Edward", "12/8/89", "m" ,76, 1.81)
INSERT INTO Atleta(ID, Nome, DataDeNascimento, Sexo, Peso, Altura) VALUES (857846421, "Andre de Grasse", "11/10/94", "m" ,70, 1.76)
INSERT INTO Atleta(ID, Nome, DataDeNascimento, Sexo, Peso, Altura) VALUES (727557746, "Ben Youssef Meite", "11/11/86", "m" ,75, 1.8)
INSERT INTO Atleta(ID, Nome, DataDeNascimento, Sexo, Peso, Altura) VALUES (936338083, "Bronte Campbell", "5/14/94", "f" ,58, 1.79)
INSERT INTO Atleta(ID, Nome, DataDeNascimento, Sexo, Peso, Altura) VALUES (247346852, "Caeleb Dressel", "8/16/96", "m" ,86, 1.91)
INSERT INTO Atleta(ID, Nome, DataDeNascimento, Sexo, Peso, Altura) VALUES (464109574, "Cameron McEvoy", "5/13/94", "m" ,75, 1.85)
INSERT INTO Atleta(ID, Nome, DataDeNascimento, Sexo, Peso, Altura) VALUES (468505846, "Cate Campbell", "5/20/92", "f" ,74, 1.86)
INSERT INTO Atleta(ID, Nome, DataDeNascimento, Sexo, Peso, Altura) VALUES (112339974, "Christania Williams", "10/17/94", "f" ,63, 1.65)
INSERT INTO Atleta(ID, Nome, DataDeNascimento, Sexo, Peso, Altura) VALUES (134449536, "Christophe Lemaitre", "6/11/90", "m" ,74, 1.9)
INSERT INTO Atleta(ID, Nome, DataDeNascimento, Sexo, Peso, Altura) VALUES (434268598, "Churandy Martina", "7/3/84", "m" ,76, 1.8)
INSERT INTO Atleta(ID, Nome, DataDeNascimento, Sexo, Peso, Altura) VALUES (83363661, "Dafne Schippers", "6/15/92", "f" ,70, 1.79)
INSERT INTO Atleta(ID, Nome, DataDeNascimento, Sexo, Peso, Altura) VALUES (996704082, "Deajah Stevens", "5/19/95", "f" ,NULL, NULL)
INSERT INTO Atleta(ID, Nome, DataDeNascimento, Sexo, Peso, Altura) VALUES (871164091, "Dina Asher-Smith", "12/4/95", "f" ,55, 1.64)
INSERT INTO Atleta(ID, Nome, DataDeNascimento, Sexo, Peso, Altura) VALUES (327966166, "Duncan Scott", "5/6/97", "m" ,74, 1.91)
INSERT INTO Atleta(ID, Nome, DataDeNascimento, Sexo, Peso, Altura) VALUES (715359899, "Elaine Thompson", "6/28/92", "f" ,57, 1.67)
INSERT INTO Atleta(ID, Nome, DataDeNascimento, Sexo, Peso, Altura) VALUES (166163342, "English Gardner", "4/22/92", "f" ,54, 1.68)
INSERT INTO Atleta(ID, Nome, DataDeNascimento, Sexo, Peso, Altura) VALUES (621283199, "Ivet Lalova-Collio", "5/18/84", "f" ,56, 1.68)
INSERT INTO Atleta(ID, Nome, DataDeNascimento, Sexo, Peso, Altura) VALUES (714090699, "Jeanette Ottesen", "12/30/87", "f" ,72, 1.8)
INSERT INTO Atleta(ID, Nome, DataDeNascimento, Sexo, Peso, Altura) VALUES (930912011, "Jimmy Vicaut", "2/27/92", "m" ,83, 1.88)
INSERT INTO Atleta(ID, Nome, DataDeNascimento, Sexo, Peso, Altura) VALUES (574761075, "Justin Gatlin", "2/10/82", "m" ,80, 1.86)
INSERT INTO Atleta(ID, Nome, DataDeNascimento, Sexo, Peso, Altura) VALUES (885688636, "Kyle Chalmers", "6/25/98", "m" ,90, 1.93)
INSERT INTO Atleta(ID, Nome, DataDeNascimento, Sexo, Peso, Altura) VALUES (920627938, "Lashawn Merritt", "6/27/86", "m" ,86, 1.91)
INSERT INTO Atleta(ID, Nome, DataDeNascimento, Sexo, Peso, Altura) VALUES (225061272, "Marcelo Chierighini", "1/15/91", "m" ,86, 1.9)
INSERT INTO Atleta(ID, Nome, DataDeNascimento, Sexo, Peso, Altura) VALUES (322081073, "Marie-Josee Ta Lou", "11/18/88", "f" ,50, 1.59)
INSERT INTO Atleta(ID, Nome, DataDeNascimento, Sexo, Peso, Altura) VALUES (133448411, "Michelle-Lee Ahye", "4/10/92", "f" ,64, 1.6)
INSERT INTO Atleta(ID, Nome, DataDeNascimento, Sexo, Peso, Altura) VALUES (776128059, "Nathan Adrian", "12/7/88", "m" ,102, 1.99)
INSERT INTO Atleta(ID, Nome, DataDeNascimento, Sexo, Peso, Altura) VALUES (239797947, "Penny Oleksiak", "6/13/00", "f" ,68, 1.86)
INSERT INTO Atleta(ID, Nome, DataDeNascimento, Sexo, Peso, Altura) VALUES (185824997, "Pieter Timmers", "1/21/88", "m" ,89, 2)
INSERT INTO Atleta(ID, Nome, DataDeNascimento, Sexo, Peso, Altura) VALUES (448967973, "Ramil Guliyev", "5/29/90", "m" ,80, 1.86)
INSERT INTO Atleta(ID, Nome, DataDeNascimento, Sexo, Peso, Altura) VALUES (332379601, "Ranomi Kromowidjojo", "8/20/90", "f" ,72, 1.8)
INSERT INTO Atleta(ID, Nome, DataDeNascimento, Sexo, Peso, Altura) VALUES (156085164, "Santo Condorelli", "1/17/95", "m" ,88, 1.88)
INSERT INTO Atleta(ID, Nome, DataDeNascimento, Sexo, Peso, Altura) VALUES (350191738, "Sarah Sjostrom", "8/17/93", "f" ,76, 1.82)
INSERT INTO Atleta(ID, Nome, DataDeNascimento, Sexo, Peso, Altura) VALUES (422183350, "Shelly-Ann Fraser-Pryce", "12/27/86", "f" ,57, 1.52)
INSERT INTO Atleta(ID, Nome, DataDeNascimento, Sexo, Peso, Altura) VALUES (973414226, "Simone Manuel", "8/2/96", "f" ,72, 1.78)
INSERT INTO Atleta(ID, Nome, DataDeNascimento, Sexo, Peso, Altura) VALUES (207258213, "Tori Bowie", "8/27/90", "f" ,58, 1.76)
INSERT INTO Atleta(ID, Nome, DataDeNascimento, Sexo, Peso, Altura) VALUES (932981795, "Trayvon Bromell", "7/10/95", "m" ,70, 1.73)
INSERT INTO Atleta(ID, Nome, DataDeNascimento, Sexo, Peso, Altura) VALUES (579416064, "Usain Bolt", "8/21/86", "m" ,95, 1.96)
INSERT INTO Atleta(ID, Nome, DataDeNascimento, Sexo, Peso, Altura) VALUES (269473268, "Yohan Blake", "12/26/89", "m" ,80, 1.8)

INSERT INTO Atleta(ID, Nome, DataDeNascimento, Sexo, Peso, Altura) VALUES (1, "Eamon Wade Sullivan", "8/30/85", "m" ,78, 1.89)
INSERT INTO Atleta(ID, Nome, DataDeNascimento, Sexo, Peso, Altura) VALUES (2, "Florence Delorez Griffith", "12/21/1959", "f", 58, 1.70)
INSERT INTO Atleta(ID, Nome, DataDeNascimento, Sexo, Peso, Altura) VALUES (3, "César Cielo", "1/10/1987", "m", 88, 1.95)
INSERT INTO Atleta(ID, Nome, DataDeNascimento, Sexo, Peso, Altura) VALUES (4, "Sarah Sjöström", "8/17/1993", "f", 68, 1.82)

INSERT INTO Ranking(Position, Valor, Ano. IdAtleta, IdEvento) VALUES (1, 9.81, 2016, 579416064,0)
INSERT INTO Ranking(Position, Valor, Ano. IdAtleta, IdEvento) VALUES (2, 9.89, 2016, 574761075,0)
INSERT INTO Ranking(Position, Valor, Ano. IdAtleta, IdEvento) VALUES (3, 9.91, 2016, 857846421,0)
INSERT INTO Ranking(Position, Valor, Ano. IdAtleta, IdEvento) VALUES (4, 9.93, 2016, 269473268,0)
INSERT INTO Ranking(Position, Valor, Ano. IdAtleta, IdEvento) VALUES (5, 9.94, 2016, 265984930,0)
INSERT INTO Ranking(Position, Valor, Ano. IdAtleta, IdEvento) VALUES (6, 9.96, 2016, 727557746,0)
INSERT INTO Ranking(Position, Valor, Ano. IdAtleta, IdEvento) VALUES (7, 10.04, 2016, 930912011,0)
INSERT INTO Ranking(Position, Valor, Ano. IdAtleta, IdEvento) VALUES (8, 10.06, 2016, 932981795,0)
INSERT INTO Ranking(Position, Valor, Ano. IdAtleta, IdEvento) VALUES (1, 19.78, 2016, 579416064,1)
INSERT INTO Ranking(Position, Valor, Ano. IdAtleta, IdEvento) VALUES (2, 20.02, 2016, 857846421,1)
INSERT INTO Ranking(Position, Valor, Ano. IdAtleta, IdEvento) VALUES (3, 20.12, 2016, 134449536,1)
INSERT INTO Ranking(Position, Valor, Ano. IdAtleta, IdEvento) VALUES (4, 20.12, 2016, 487206822,1)
INSERT INTO Ranking(Position, Valor, Ano. IdAtleta, IdEvento) VALUES (5, 20.13, 2016, 434268598,1)
INSERT INTO Ranking(Position, Valor, Ano. IdAtleta, IdEvento) VALUES (6, 20.19, 2016, 920627938,1)
INSERT INTO Ranking(Position, Valor, Ano. IdAtleta, IdEvento) VALUES (7, 20.23, 2016, 506696121,1)
INSERT INTO Ranking(Position, Valor, Ano. IdAtleta, IdEvento) VALUES (8, 20.43, 2016, 448967973,1)
INSERT INTO Ranking(Position, Valor, Ano. IdAtleta, IdEvento) VALUES (1, 10.71, 2016, 715359899,2)
INSERT INTO Ranking(Position, Valor, Ano. IdAtleta, IdEvento) VALUES (2, 10.83, 2016, 207258213,2)
INSERT INTO Ranking(Position, Valor, Ano. IdAtleta, IdEvento) VALUES (3, 10.86, 2016, 422183350,2)
INSERT INTO Ranking(Position, Valor, Ano. IdAtleta, IdEvento) VALUES (4, 10.86, 2016, 112339974,2)
INSERT INTO Ranking(Position, Valor, Ano. IdAtleta, IdEvento) VALUES (5, 10.90, 2016, 83363661,2)
INSERT INTO Ranking(Position, Valor, Ano. IdAtleta, IdEvento) VALUES (6, 10.92, 2016, 133448411,2)
INSERT INTO Ranking(Position, Valor, Ano. IdAtleta, IdEvento) VALUES (7, 10.94, 2016, 166163342,2)
INSERT INTO Ranking(Position, Valor, Ano. IdAtleta, IdEvento) VALUES (8, 11.80, 2016, 322081073,2)
INSERT INTO Ranking(Position, Valor, Ano. IdAtleta, IdEvento) VALUES (1, 21.78, 2016, 715359899,3)
INSERT INTO Ranking(Position, Valor, Ano. IdAtleta, IdEvento) VALUES (2, 21.88, 2016, 83363661,3)
INSERT INTO Ranking(Position, Valor, Ano. IdAtleta, IdEvento) VALUES (3, 22.15, 2016, 207258213,3)
INSERT INTO Ranking(Position, Valor, Ano. IdAtleta, IdEvento) VALUES (4, 22.21, 2016, 322081073,3)
INSERT INTO Ranking(Position, Valor, Ano. IdAtleta, IdEvento) VALUES (5, 22.31, 2016, 871164091,3)
INSERT INTO Ranking(Position, Valor, Ano. IdAtleta, IdEvento) VALUES (6, 22.34, 2016, 133448411,3)
INSERT INTO Ranking(Position, Valor, Ano. IdAtleta, IdEvento) VALUES (7, 22.65, 2016, 996704082,3)
INSERT INTO Ranking(Position, Valor, Ano. IdAtleta, IdEvento) VALUES (8, 22.69, 2016, 621283199,3)
INSERT INTO Ranking(Position, Valor, Ano. IdAtleta, IdEvento) VALUES (1, 47.58, 2016, 885688636,4)
INSERT INTO Ranking(Position, Valor, Ano. IdAtleta, IdEvento) VALUES (2, 47.80, 2016, 185824997,4)
INSERT INTO Ranking(Position, Valor, Ano. IdAtleta, IdEvento) VALUES (3, 47.85, 2016, 776128059,4)
INSERT INTO Ranking(Position, Valor, Ano. IdAtleta, IdEvento) VALUES (4, 47.88, 2016, 156085164,4)
INSERT INTO Ranking(Position, Valor, Ano. IdAtleta, IdEvento) VALUES (5, 48.01, 2016, 327966166,4)
INSERT INTO Ranking(Position, Valor, Ano. IdAtleta, IdEvento) VALUES (6, 48.02, 2016, 247346852,4)
INSERT INTO Ranking(Position, Valor, Ano. IdAtleta, IdEvento) VALUES (7, 48.12, 2016, 464109574,4)
INSERT INTO Ranking(Position, Valor, Ano. IdAtleta, IdEvento) VALUES (8, 48.41, 2016, 225061272,4)
INSERT INTO Ranking(Position, Valor, Ano. IdAtleta, IdEvento) VALUES (1, 52.70, 2016, 973414226,5)
INSERT INTO Ranking(Position, Valor, Ano. IdAtleta, IdEvento) VALUES (2, 52.71, 2016, 239797947,5)
INSERT INTO Ranking(Position, Valor, Ano. IdAtleta, IdEvento) VALUES (3, 52.99, 2016, 350191738,5)
INSERT INTO Ranking(Position, Valor, Ano. IdAtleta, IdEvento) VALUES (4, 53.04, 2016, 936338083,5)
INSERT INTO Ranking(Position, Valor, Ano. IdAtleta, IdEvento) VALUES (5, 53.08, 2016, 332379601,5)
INSERT INTO Ranking(Position, Valor, Ano. IdAtleta, IdEvento) VALUES (6, 53.24, 2016, 468505846,5)
INSERT INTO Ranking(Position, Valor, Ano. IdAtleta, IdEvento) VALUES (7, 53.30, 2016, 162792594,5)
INSERT INTO Ranking(Position, Valor, Ano. IdAtleta, IdEvento) VALUES (8, 53.36, 2016, 714090699,5)


INSERT INTO Pais(Sigla, Name) VALUES ("TRI", "Trinidad and Tobago")
INSERT INTO Pais(Sigla, Name) VALUES ("FRA", "France")
INSERT INTO Pais(Sigla, Name) VALUES ("BRA", "Brazil")
INSERT INTO Pais(Sigla, Name) VALUES ("BEL", "Belgium")
INSERT INTO Pais(Sigla, Name) VALUES ("USA", "United States")
INSERT INTO Pais(Sigla, Name) VALUES ("NED", "Netherlands")
INSERT INTO Pais(Sigla, Name) VALUES ("SWE", "Sweden")
INSERT INTO Pais(Sigla, Name) VALUES ("RSA", "South Africa")
INSERT INTO Pais(Sigla, Name) VALUES ("DEN", "Denmark")
INSERT INTO Pais(Sigla, Name) VALUES ("AUS", "Australia")
INSERT INTO Pais(Sigla, Name) VALUES ("JAM", "Jamaica")
INSERT INTO Pais(Sigla, Name) VALUES ("GBR", "United Kingdom")
INSERT INTO Pais(Sigla, Name) VALUES ("CIV", "Cote d'Ivoire")
INSERT INTO Pais(Sigla, Name) VALUES ("BUL", "Bulgaria")
INSERT INTO Pais(Sigla, Name) VALUES ("KOR", "Korea, South")
INSERT INTO Pais(Sigla, Name) VALUES ("TUR", "Turkey")
INSERT INTO Pais(Sigla, Name) VALUES ("PAN", "Panama")
INSERT INTO Pais(Sigla, Name) VALUES ("CAN", "Canada")
