INSERT INTO Pais(Sigla, Nome) VALUES ("TRI", "Trinidad and Tobago");
INSERT INTO Pais(Sigla, Nome) VALUES ("FRA", "France");
INSERT INTO Pais(Sigla, Nome) VALUES ("BRA", "Brazil");
INSERT INTO Pais(Sigla, Nome) VALUES ("BEL", "Belgium");
INSERT INTO Pais(Sigla, Nome) VALUES ("USA", "United States");
INSERT INTO Pais(Sigla, Nome) VALUES ("NED", "Netherlands");
INSERT INTO Pais(Sigla, Nome) VALUES ("SWE", "Sweden");
INSERT INTO Pais(Sigla, Nome) VALUES ("RSA", "South Africa");
INSERT INTO Pais(Sigla, Nome) VALUES ("DEN", "Denmark");
INSERT INTO Pais(Sigla, Nome) VALUES ("AUS", "Australia");
INSERT INTO Pais(Sigla, Nome) VALUES ("JAM", "Jamaica");
INSERT INTO Pais(Sigla, Nome) VALUES ("GBR", "United Kingdom");
INSERT INTO Pais(Sigla, Nome) VALUES ("CIV", "Cote dIvoire");
INSERT INTO Pais(Sigla, Nome) VALUES ("BUL", "Bulgaria");
INSERT INTO Pais(Sigla, Nome) VALUES ("KOR", "Korea, South");
INSERT INTO Pais(Sigla, Nome) VALUES ("TUR", "Turkey");
INSERT INTO Pais(Sigla, Nome) VALUES ("PAN", "Panama");
INSERT INTO Pais(Sigla, Nome) VALUES ("CAN", "Canada");

INSERT INTO Atleta(ID, Nome, DataDeNascimento, Sexo, Peso, Altura, SiglaPais) VALUES (162792594, "Abbey Weitzeil", "12/3/96", "F" ,68, 1.78, "USA");
INSERT INTO Atleta(ID, Nome, DataDeNascimento, Sexo, Peso, Altura, SiglaPais) VALUES (487206822, "Adam Gemili", "10/6/93", "M" ,75, 1.78, "GBR");
INSERT INTO Atleta(ID, Nome, DataDeNascimento, Sexo, Peso, Altura, SiglaPais) VALUES (265984930, "Akani Simbine", "9/21/93", "M" ,74, 1.76, "RSA");
INSERT INTO Atleta(ID, Nome, DataDeNascimento, Sexo, Peso, Altura, SiglaPais) VALUES (506696121, "Alonso Edward", "12/8/89", "M" ,76, 1.81, "PAN");
INSERT INTO Atleta(ID, Nome, DataDeNascimento, Sexo, Peso, Altura, SiglaPais) VALUES (857846421, "Andre de Grasse", "11/10/94", "M" ,70, 1.76, "CAN");
INSERT INTO Atleta(ID, Nome, DataDeNascimento, Sexo, Peso, Altura, SiglaPais) VALUES (727557746, "Ben Youssef Meite", "11/11/86", "M" ,75, 1.8, "CIV");
INSERT INTO Atleta(ID, Nome, DataDeNascimento, Sexo, Peso, Altura, SiglaPais) VALUES (936338083, "Bronte Campbell", "5/14/94", "F" ,58, 1.79, "AUS");
INSERT INTO Atleta(ID, Nome, DataDeNascimento, Sexo, Peso, Altura, SiglaPais) VALUES (247346852, "Caeleb Dressel", "8/16/96", "M" ,86, 1.91, "USA");
INSERT INTO Atleta(ID, Nome, DataDeNascimento, Sexo, Peso, Altura, SiglaPais) VALUES (464109574, "Cameron McEvoy", "5/13/94", "M" ,75, 1.85, "AUS");
INSERT INTO Atleta(ID, Nome, DataDeNascimento, Sexo, Peso, Altura, SiglaPais) VALUES (468505846, "Cate Campbell", "5/20/92", "F" ,74, 1.86, "AUS");
INSERT INTO Atleta(ID, Nome, DataDeNascimento, Sexo, Peso, Altura, SiglaPais) VALUES (112339974, "Christania Williams", "10/17/94", "F" ,63, 1.65, "JAM");
INSERT INTO Atleta(ID, Nome, DataDeNascimento, Sexo, Peso, Altura, SiglaPais) VALUES (134449536, "Christophe Lemaitre", "6/11/90", "M" ,74, 1.9, "FRA");
INSERT INTO Atleta(ID, Nome, DataDeNascimento, Sexo, Peso, Altura, SiglaPais) VALUES (434268598, "Churandy Martina", "7/3/84", "M" ,76, 1.8, "NED");
INSERT INTO Atleta(ID, Nome, DataDeNascimento, Sexo, Peso, Altura, SiglaPais) VALUES (83363661, "Dafne Schippers", "6/15/92", "F" ,70, 1.79, "NED");
INSERT INTO Atleta(ID, Nome, DataDeNascimento, Sexo, Peso, Altura, SiglaPais) VALUES (996704082, "Deajah Stevens", "5/19/95", "F" ,NULL, NULL, "USA");
INSERT INTO Atleta(ID, Nome, DataDeNascimento, Sexo, Peso, Altura, SiglaPais) VALUES (871164091, "Dina Asher-Smith", "12/4/95", "F" ,55, 1.64, "GBR");
INSERT INTO Atleta(ID, Nome, DataDeNascimento, Sexo, Peso, Altura, SiglaPais) VALUES (327966166, "Duncan Scott", "5/6/97", "M" ,74, 1.91, "GBR");
INSERT INTO Atleta(ID, Nome, DataDeNascimento, Sexo, Peso, Altura, SiglaPais) VALUES (715359899, "Elaine Thompson", "6/28/92", "F" ,57, 1.67, "JAM");
INSERT INTO Atleta(ID, Nome, DataDeNascimento, Sexo, Peso, Altura, SiglaPais) VALUES (166163342, "English Gardner", "4/22/92", "F" ,54, 1.68, "USA");
INSERT INTO Atleta(ID, Nome, DataDeNascimento, Sexo, Peso, Altura, SiglaPais) VALUES (621283199, "Ivet Lalova-Collio", "5/18/84", "F" ,56, 1.68, "BUL");
INSERT INTO Atleta(ID, Nome, DataDeNascimento, Sexo, Peso, Altura, SiglaPais) VALUES (714090699, "Jeanette Ottesen", "12/30/87", "F" ,72, 1.8, "DEN");
INSERT INTO Atleta(ID, Nome, DataDeNascimento, Sexo, Peso, Altura, SiglaPais) VALUES (930912011, "Jimmy Vicaut", "2/27/92", "M" ,83, 1.88, "FRA");
INSERT INTO Atleta(ID, Nome, DataDeNascimento, Sexo, Peso, Altura, SiglaPais) VALUES (574761075, "Justin Gatlin", "2/10/82", "M" ,80, 1.86, "USA");
INSERT INTO Atleta(ID, Nome, DataDeNascimento, Sexo, Peso, Altura, SiglaPais) VALUES (885688636, "Kyle Chalmers", "6/25/98", "M" ,90, 1.93, "AUS");
INSERT INTO Atleta(ID, Nome, DataDeNascimento, Sexo, Peso, Altura, SiglaPais) VALUES (920627938, "Lashawn Merritt", "6/27/86", "M" ,86, 1.91, "USA");
INSERT INTO Atleta(ID, Nome, DataDeNascimento, Sexo, Peso, Altura, SiglaPais) VALUES (225061272, "Marcelo Chierighini", "1/15/91", "M" ,86, 1.9, "BRA");
INSERT INTO Atleta(ID, Nome, DataDeNascimento, Sexo, Peso, Altura, SiglaPais) VALUES (322081073, "Marie-Josee Ta Lou", "11/18/88", "F" ,50, 1.59, "CIV");
INSERT INTO Atleta(ID, Nome, DataDeNascimento, Sexo, Peso, Altura, SiglaPais) VALUES (133448411, "Michelle-Lee Ahye", "4/10/92", "F" ,64, 1.6, "TRI");
INSERT INTO Atleta(ID, Nome, DataDeNascimento, Sexo, Peso, Altura, SiglaPais) VALUES (776128059, "Nathan Adrian", "12/7/88", "M" ,102, 1.99, "USA");
INSERT INTO Atleta(ID, Nome, DataDeNascimento, Sexo, Peso, Altura, SiglaPais) VALUES (239797947, "Penny Oleksiak", "6/13/00", "F" ,68, 1.86, "CAN");
INSERT INTO Atleta(ID, Nome, DataDeNascimento, Sexo, Peso, Altura, SiglaPais) VALUES (185824997, "Pieter Timmers", "1/21/88", "M" ,89, 2, "BEL");
INSERT INTO Atleta(ID, Nome, DataDeNascimento, Sexo, Peso, Altura, SiglaPais) VALUES (448967973, "Ramil Guliyev", "5/29/90", "M" ,80, 1.86, "TUR");
INSERT INTO Atleta(ID, Nome, DataDeNascimento, Sexo, Peso, Altura, SiglaPais) VALUES (332379601, "RAno,i Kromowidjojo", "8/20/90", "F" ,72, 1.8, "NED");
INSERT INTO Atleta(ID, Nome, DataDeNascimento, Sexo, Peso, Altura, SiglaPais) VALUES (156085164, "Santo Condorelli", "1/17/95", "M" ,88, 1.88, "CAN");
INSERT INTO Atleta(ID, Nome, DataDeNascimento, Sexo, Peso, Altura, SiglaPais) VALUES (350191738, "Sarah Sjostrom", "8/17/93", "F" ,76, 1.82, "SWE");
INSERT INTO Atleta(ID, Nome, DataDeNascimento, Sexo, Peso, Altura, SiglaPais) VALUES (422183350, "Shelly-Ann Fraser-Pryce", "12/27/86", "F" ,57, 1.52, "JAM");
INSERT INTO Atleta(ID, Nome, DataDeNascimento, Sexo, Peso, Altura, SiglaPais) VALUES (973414226, "Simone Manuel", "8/2/96", "F" ,72, 1.78, "USA");
INSERT INTO Atleta(ID, Nome, DataDeNascimento, Sexo, Peso, Altura, SiglaPais) VALUES (207258213, "Tori Bowie", "8/27/90", "F" ,58, 1.76, "USA");
INSERT INTO Atleta(ID, Nome, DataDeNascimento, Sexo, Peso, Altura, SiglaPais) VALUES (932981795, "Trayvon Bromell", "7/10/95", "M" ,70, 1.73, "USA");
INSERT INTO Atleta(ID, Nome, DataDeNascimento, Sexo, Peso, Altura, SiglaPais) VALUES (579416064, "Usain Bolt", "8/21/86", "M" ,95, 1.96, "JAM");
INSERT INTO Atleta(ID, Nome, DataDeNascimento, Sexo, Peso, Altura, SiglaPais) VALUES (269473268, "Yohan Blake", "12/26/89", "M" ,80, 1.8, "JAM");

INSERT INTO Atleta(ID, Nome, DataDeNascimento, Sexo, Peso, Altura, SiglaPais) VALUES (1, "Eamon Wade Sullivan", "8/30/85", "M" ,78, 1.89, "AUS");
INSERT INTO Atleta(ID, Nome, DataDeNascimento, Sexo, Peso, Altura, SiglaPais) VALUES (2, "Florence Delorez Griffith", "12/21/1959", "F", 58, 1.70, "USA");
INSERT INTO Atleta(ID, Nome, DataDeNascimento, Sexo, Peso, Altura, SiglaPais) VALUES (3, "César Cielo", "1/10/1987", "M", 88, 1.95, "BRA");

INSERT INTO TipoDeRecord(ID, Nome) VALUES (0, "Olympic");
INSERT INTO TipoDeRecord(ID, Nome) VALUES (1, "World");
INSERT INTO TipoDeRecord(ID, Nome) VALUES (2, "Olympic/World");

INSERT INTO TipoDeJogos(ID, Tipo) VALUES (0, "Inverno");
INSERT INTO TipoDeJogos(ID, Tipo) VALUES (1, "Verao");

INSERT INTO TipoDeEvento(ID, Nome) VALUES (0, "Semi-final");
INSERT INTO TipoDeEvento(ID, Nome) VALUES (1, "Final");

INSERT INTO EdicaoDosJogos(Ano, Cidade, IdTipoDeJogos, SiglaPais) VALUES (2016, "Rio de Janeiro", 1, 'BRA');
INSERT INTO EdicaoDosJogos(Ano, Cidade, IdTipoDeJogos, SiglaPais) VALUES (2018, "Pyeongchang", 0, 'KOR');

INSERT INTO Desporto(ID, Nome) Values (0, "Atheletics");
INSERT INTO Desporto(ID, Nome) Values (1, "Aquatics");

INSERT INTO Modalidade(ID, Nome, IdDesporto, Sexo) VALUES (0, "100-meters", 0, 'M');
INSERT INTO Modalidade(ID, Nome, IdDesporto, Sexo) VALUES (1, "200-meters", 0, 'M');
INSERT INTO Modalidade(ID, Nome, IdDesporto, Sexo) VALUES (4, "100-meters Freestyle", 1, 'M');
INSERT INTO Modalidade(ID, Nome, IdDesporto, Sexo) VALUES (2, "100-meters", 0, 'F');
INSERT INTO Modalidade(ID, Nome, IdDesporto, Sexo) VALUES (3, "200-meters", 0, 'F');
INSERT INTO Modalidade(ID, Nome, IdDesporto, Sexo) VALUES (5, "100-meters Freestyle", 1, 'F');

INSERT INTO Evento(Id, Data, IdTipoDeEvento, IdModalidade) VALUES (0, "8/15/2016" , 1, 0);
INSERT INTO Evento(Id, Data, IdTipoDeEvento, IdModalidade) VALUES (1, "8/19/2016", 1, 1);
INSERT INTO Evento(Id, Data, IdTipoDeEvento, IdModalidade) VALUES (2, "8/11/2016", 1, 2);
INSERT INTO Evento(Id, Data, IdTipoDeEvento, IdModalidade) VALUES (3, "8/14/2016", 1, 3);
INSERT INTO Evento(Id, Data, IdTipoDeEvento, IdModalidade) VALUES (4, "8/18/2016", 1, 4);
INSERT INTO Evento(Id, Data, IdTipoDeEvento, IdModalidade) VALUES (5, "8/12/2016", 1, 5);

INSERT INTO Recorde(ID, Valor, Data, IdAtleta, IdTipoDeRecorde, IdModalidade) Values (0, 9.63, "8/5/2012",579416064, 0, 0);
INSERT INTO Recorde(ID, Valor, Data, IdAtleta, IdTipoDeRecorde, IdModalidade) Values (1, 19.30, "8/20/2012",579416064, 0, 1);
INSERT INTO Recorde(ID, Valor, Data, IdAtleta, IdTipoDeRecorde, IdModalidade) Values (2, 47.05, "8/13/2008", 1, 0, 4);
INSERT INTO Recorde(ID, Valor, Data, IdAtleta, IdTipoDeRecorde, IdModalidade) Values (3, 10.62, "9/24/1998", 2, 0, 2);
INSERT INTO Recorde(ID, Valor, Data, IdAtleta, IdTipoDeRecorde, IdModalidade) Values (4, 21.34, "9/29/1998", 2, 2, 3);
INSERT INTO Recorde(ID, Valor, Data, IdAtleta, IdTipoDeRecorde, IdModalidade) Values (5, 52.70, "8/11/2016",973414226, 0, 5);

INSERT INTO Recorde(ID, Valor, Data, IdAtleta, IdTipoDeRecorde, IdModalidade) Values (6, 9.58, "8/19/2009",579416064, 1, 0);
INSERT INTO Recorde(ID, Valor, Data, IdAtleta, IdTipoDeRecorde, IdModalidade) Values (7, 19.19, "8/20/2009",579416064, 1, 1);
INSERT INTO Recorde(ID, Valor, Data, IdAtleta, IdTipoDeRecorde, IdModalidade) Values (8, 10.49, "7/16/1988", 2, 1, 2);
INSERT INTO Recorde(ID, Valor, Data, IdAtleta, IdTipoDeRecorde, IdModalidade) Values (9, 46.61, "7/30/2009", 3, 1, 4);
INSERT INTO Recorde(ID, Valor, Data, IdAtleta, IdTipoDeRecorde, IdModalidade) Values (10, 51.71, "7/23/2017", 350191738, 1, 5);

INSERT INTO EdicaoAtletaEvento(Posicao, Valor, Ano, IdAtleta, IdEvento) VALUES (1, 9.81 , 2016, 579416064,0);
INSERT INTO EdicaoAtletaEvento(Posicao, Valor, Ano, IdAtleta, IdEvento) VALUES (2, 9.89, 2016, 574761075,0);
INSERT INTO EdicaoAtletaEvento(Posicao, Valor, Ano, IdAtleta, IdEvento) VALUES (3, 9.91, 2016, 857846421,0);
INSERT INTO EdicaoAtletaEvento(Posicao, Valor, Ano, IdAtleta, IdEvento) VALUES (4, 9.93, 2016, 269473268,0);
INSERT INTO EdicaoAtletaEvento(Posicao, Valor, Ano, IdAtleta, IdEvento) VALUES (5, 9.94, 2016, 265984930,0);
INSERT INTO EdicaoAtletaEvento(Posicao, Valor, Ano, IdAtleta, IdEvento) VALUES (6, 9.96, 2016, 727557746,0);
INSERT INTO EdicaoAtletaEvento(Posicao, Valor, Ano, IdAtleta, IdEvento) VALUES (7, 10.04, 2016, 930912011,0);
INSERT INTO EdicaoAtletaEvento(Posicao, Valor, Ano, IdAtleta, IdEvento) VALUES (8, 10.06, 2016, 932981795,0);
INSERT INTO EdicaoAtletaEvento(Posicao, Valor, Ano, IdAtleta, IdEvento) VALUES (1, 19.78, 2016, 579416064,1);
INSERT INTO EdicaoAtletaEvento(Posicao, Valor, Ano, IdAtleta, IdEvento) VALUES (2, 20.02, 2016, 857846421,1);
INSERT INTO EdicaoAtletaEvento(Posicao, Valor, Ano, IdAtleta, IdEvento) VALUES (3, 20.12, 2016, 134449536,1);
INSERT INTO EdicaoAtletaEvento(Posicao, Valor, Ano, IdAtleta, IdEvento) VALUES (4, 20.12, 2016, 487206822,1);
INSERT INTO EdicaoAtletaEvento(Posicao, Valor, Ano, IdAtleta, IdEvento) VALUES (5, 20.13, 2016, 434268598,1);
INSERT INTO EdicaoAtletaEvento(Posicao, Valor, Ano, IdAtleta, IdEvento) VALUES (6, 20.19, 2016, 920627938,1);
INSERT INTO EdicaoAtletaEvento(Posicao, Valor, Ano, IdAtleta, IdEvento) VALUES (7, 20.23, 2016, 506696121,1);
INSERT INTO EdicaoAtletaEvento(Posicao, Valor, Ano, IdAtleta, IdEvento) VALUES (8, 20.43, 2016, 448967973,1);
INSERT INTO EdicaoAtletaEvento(Posicao, Valor, Ano, IdAtleta, IdEvento) VALUES (1, 10.71, 2016, 715359899,2);
INSERT INTO EdicaoAtletaEvento(Posicao, Valor, Ano, IdAtleta, IdEvento) VALUES (2, 10.83, 2016, 207258213,2);
INSERT INTO EdicaoAtletaEvento(Posicao, Valor, Ano, IdAtleta, IdEvento) VALUES (3, 10.86, 2016, 422183350,2);
INSERT INTO EdicaoAtletaEvento(Posicao, Valor, Ano, IdAtleta, IdEvento) VALUES (4, 10.86, 2016, 112339974,2);
INSERT INTO EdicaoAtletaEvento(Posicao, Valor, Ano, IdAtleta, IdEvento) VALUES (5, 10.90, 2016, 83363661,2);
INSERT INTO EdicaoAtletaEvento(Posicao, Valor, Ano, IdAtleta, IdEvento) VALUES (6, 10.92, 2016, 133448411,2);
INSERT INTO EdicaoAtletaEvento(Posicao, Valor, Ano, IdAtleta, IdEvento) VALUES (7, 10.94, 2016, 166163342,2);
INSERT INTO EdicaoAtletaEvento(Posicao, Valor, Ano, IdAtleta, IdEvento) VALUES (8, 11.80, 2016, 322081073,2);
INSERT INTO EdicaoAtletaEvento(Posicao, Valor, Ano, IdAtleta, IdEvento) VALUES (1, 21.78, 2016, 715359899,3);
INSERT INTO EdicaoAtletaEvento(Posicao, Valor, Ano, IdAtleta, IdEvento) VALUES (2, 21.88, 2016, 83363661,3);
INSERT INTO EdicaoAtletaEvento(Posicao, Valor, Ano, IdAtleta, IdEvento) VALUES (3, 22.15, 2016, 207258213,3);
INSERT INTO EdicaoAtletaEvento(Posicao, Valor, Ano, IdAtleta, IdEvento) VALUES (4, 22.21, 2016, 322081073,3);
INSERT INTO EdicaoAtletaEvento(Posicao, Valor, Ano, IdAtleta, IdEvento) VALUES (5, 22.31, 2016, 871164091,3);
INSERT INTO EdicaoAtletaEvento(Posicao, Valor, Ano, IdAtleta, IdEvento) VALUES (6, 22.34, 2016, 133448411,3);
INSERT INTO EdicaoAtletaEvento(Posicao, Valor, Ano, IdAtleta, IdEvento) VALUES (7, 22.65, 2016, 996704082,3);
INSERT INTO EdicaoAtletaEvento(Posicao, Valor, Ano, IdAtleta, IdEvento) VALUES (8, 22.69, 2016, 621283199,3);
INSERT INTO EdicaoAtletaEvento(Posicao, Valor, Ano, IdAtleta, IdEvento) VALUES (1, 47.58, 2016, 885688636,4);
INSERT INTO EdicaoAtletaEvento(Posicao, Valor, Ano, IdAtleta, IdEvento) VALUES (2, 47.80, 2016, 185824997,4);
INSERT INTO EdicaoAtletaEvento(Posicao, Valor, Ano, IdAtleta, IdEvento) VALUES (3, 47.85, 2016, 776128059,4);
INSERT INTO EdicaoAtletaEvento(Posicao, Valor, Ano, IdAtleta, IdEvento) VALUES (4, 47.88, 2016, 156085164,4);
INSERT INTO EdicaoAtletaEvento(Posicao, Valor, Ano, IdAtleta, IdEvento) VALUES (5, 48.01, 2016, 327966166,4);
INSERT INTO EdicaoAtletaEvento(Posicao, Valor, Ano, IdAtleta, IdEvento) VALUES (6, 48.02, 2016, 247346852,4);
INSERT INTO EdicaoAtletaEvento(Posicao, Valor, Ano, IdAtleta, IdEvento) VALUES (7, 48.12, 2016, 464109574,4);
INSERT INTO EdicaoAtletaEvento(Posicao, Valor, Ano, IdAtleta, IdEvento) VALUES (8, 48.41, 2016, 225061272,4);
INSERT INTO EdicaoAtletaEvento(Posicao, Valor, Ano, IdAtleta, IdEvento) VALUES (1, 52.70, 2016, 973414226,5);
INSERT INTO EdicaoAtletaEvento(Posicao, Valor, Ano, IdAtleta, IdEvento) VALUES (2, 52.71, 2016, 239797947,5);
INSERT INTO EdicaoAtletaEvento(Posicao, Valor, Ano, IdAtleta, IdEvento) VALUES (3, 52.99, 2016, 350191738,5);
INSERT INTO EdicaoAtletaEvento(Posicao, Valor, Ano, IdAtleta, IdEvento) VALUES (4, 53.04, 2016, 936338083,5);
INSERT INTO EdicaoAtletaEvento(Posicao, Valor, Ano, IdAtleta, IdEvento) VALUES (6, 53.24, 2016, 468505846,5);
INSERT INTO EdicaoAtletaEvento(Posicao, Valor, Ano, IdAtleta, IdEvento) VALUES (7, 53.30, 2016, 162792594,5);
INSERT INTO EdicaoAtletaEvento(Posicao, Valor, Ano, IdAtleta, IdEvento) VALUES (5, 53.08, 2016, 332379601,5);
INSERT INTO EdicaoAtletaEvento(Posicao, Valor, Ano, IdAtleta, IdEvento) VALUES (8, 53.36, 2016, 714090699,5);
